127.0.0.1,"The domestic cat (Felis silvestris catus or Felis catus)[1][4] is a small, typically furry, carnivorous mammal. They are often called house cats[5] when kept as indoor pets or simply cats when there is no need to distinguish them from other felids and felines. They are often valued by humans for companionship and for their ability to hunt vermin. There are more than seventy cat breeds recognized by various cat registries.",
127.0.0.1,"The domestic cat (Felis silvestris catus or Felis catus)[1][4] is a small, typically furry, carnivorous mammal. They are often called house cats[5] when kept as indoor pets or simply cats when there is no need to distinguish them from other felids and felines. They are often valued by humans for companionship and for their ability to hunt vermin. There are more than seventy cat breeds recognized by various cat registries.",Let us keep this between the two of us.,"['pet', 0, 2, 'doc2vec', 1, 0.4173327684402466, 4.792338755173399]","['pet', 0, 2, 'doc2vec', 3, 0.3853529989719391, 5.190046542613355]","['cat', 0, 4, 'topicModel', 1, 0.5996259, 6.6708260880931745]","['cat', 2, 4, 'topicModel', 1, 0.5996259, 6.6708260880931745]","['hop', 2, 4, 'topicModel', 1, 0.5996259, 6.6708260880931745]"
127.0.0.1,"The domestic cat (Felis silvestris catus or Felis catus)[1][4] is a small, typically furry, carnivorous mammal. They are often called house cats[5] when kept as indoor pets or simply cats when there is no need to distinguish them from other felids and felines. They are often valued by humans for companionship and for their ability to hunt vermin. There are more than seventy cat breeds recognized by various cat registries.",Let us keep this between the two of us.,"['pet', 0, 2, 'doc2vec', 1, 0.41737300157546997, 4.791876792342921]","['pet', 0, 2, 'doc2vec', 3, 0.38537314534187317, 5.189775219614109]","['cat', 0, 4, 'topicModel', 1, 0.5996259, 6.6708260880931745]","['cat', 2, 4, 'topicModel', 1, 0.5996259, 6.6708260880931745]","['hop', 2, 4, 'topicModel', 1, 0.5996259, 6.6708260880931745]"
127.0.0.1,"The domestic cat (Felis silvestris catus or Felis catus)[1][4] is a small, typically furry, carnivorous mammal. They are often called house cats[5] when kept as indoor pets or simply cats when there is no need to distinguish them from other felids and felines. They are often valued by humans for companionship and for their ability to hunt vermin. There are more than seventy cat breeds recognized by various cat registries.",Let us keep this between the two of us.,"['pet', 0, 2, 'doc2vec', 1, 0.42387133836746216, 4.718412921484589]","['pet', 0, 2, 'doc2vec', 4, 0.3941418528556824, 5.0743152129350575]","['cat', 0, 4, 'topicModel', 1, 0.59974134, 6.669541909701759]","['cat', 2, 4, 'topicModel', 1, 0.59974134, 6.669541909701759]","['hop', 2, 4, 'topicModel', 1, 0.59974134, 6.669541909701759]"
127.0.0.1,"The domestic cat (Felis silvestris catus or Felis catus)[1][4] is a small, typically furry, carnivorous mammal. They are often called house cats[5] when kept as indoor pets or simply cats when there is no need to distinguish them from other felids and felines. They are often valued by humans for companionship and for their ability to hunt vermin. There are more than seventy cat breeds recognized by various cat registries.",Let us keep this between the two of us.,"['let', 0, 0, 'doc2vec', 3, 0.381289541721344, 0.0]","['pet', 0, 2, 'doc2vec', 1, 0.4077288806438446, 4.905220343581746]","['cat', 0, 4, 'topicModel', 1, 0.5996496, 6.670562184538248]","['cat', 2, 4, 'topicModel', 1, 0.5996496, 6.670562184538248]","['hop', 2, 4, 'topicModel', 1, 0.5996496, 6.670562184538248]"
127.0.0.1,"The domestic cat (Felis silvestris catus or Felis catus)[1][4] is a small, typically furry, carnivorous mammal. They are often called house cats[5] when kept as indoor pets or simply cats when there is no need to distinguish them from other felids and felines. They are often valued by humans for companionship and for their ability to hunt vermin. There are more than seventy cat breeds recognized by various cat registries.",Let us keep this between the two of us.,"['pet', 0, 2, 'doc2vec', 1, 0.4326545298099518, 4.622625818522048]","['pet', 0, 2, 'doc2vec', 4, 0.3934600353240967, 5.083108373008154]","['cat', 0, 4, 'topicModel', 1, 0.5995877, 6.671251162592804]","['cat', 2, 4, 'topicModel', 1, 0.5995877, 6.671251162592804]","['hop', 2, 4, 'topicModel', 1, 0.5995877, 6.671251162592804]"
127.0.0.1,"The domestic cat (Felis silvestris catus or Felis catus)[1][4] is a small, typically furry, carnivorous mammal. They are often called house cats[5] when kept as indoor pets or simply cats when there is no need to distinguish them from other felids and felines. They are often valued by humans for companionship and for their ability to hunt vermin. There are more than seventy cat breeds recognized by various cat registries.",Let us keep this between the two of us.,"['pet', 0, 2, 'doc2vec', 1, 0.3979716897010803, 5.025483097810842]","['lead', 0, 2, 'doc2vec', 1, 0.3979716897010803, 5.025483097810842]","['pet', 0, 2, 'doc2vec', 2, 0.38975948095321655, 5.1313697234732905]","['pet', 0, 2, 'doc2vec', 4, 0.37977391481399536, 5.266291132658636]","['cat', 0, 4, 'topicModel', 1, 0.59949285, 6.672306456835929]"
127.0.0.1,"The domestic cat (Felis silvestris catus or Felis catus)[1][4] is a small, typically furry, carnivorous mammal. They are often called house cats[5] when kept as indoor pets or simply cats when there is no need to distinguish them from other felids and felines. They are often valued by humans for companionship and for their ability to hunt vermin. There are more than seventy cat breeds recognized by various cat registries.",Let us keep this between the two of us.,"['pet', 0, 2, 'doc2vec', 1, 0.42042362689971924, 4.757106575451922]","['pet', 0, 2, 'doc2vec', 2, 0.3939419388771057, 5.076890279061963]","['pet', 0, 2, 'doc2vec', 4, 0.3875664472579956, 5.1604054327970195]","['lead', 0, 2, 'doc2vec', 4, 0.3875664472579956, 5.1604054327970195]","['cat', 0, 4, 'topicModel', 1, 0.599612, 6.670980594086177]"
127.0.0.1,"The domestic cat (Felis silvestris catus or Felis catus)[1][4] is a small, typically furry, carnivorous mammal. They are often called house cats[5] when kept as indoor pets or simply cats when there is no need to distinguish them from other felids and felines. They are often valued by humans for companionship and for their ability to hunt vermin. There are more than seventy cat breeds recognized by various cat registries.",Please! lets keep this just between the two of us.,"['cat', 8, 4, 'doc2vec', 1, 0.3730938550754767, 0.09327346376886918]","['cat', 3, 4, 'doc2vec', 1, 0.3730938550754767, 0.09327346376886918]","['hunt', 5, 4, 'doc2vec', 3, 0.12669793405363017, 0.03167448351340754]","['can', 3, 4, 'doc2vec', 4, 0.07479554154478085, 0.018698885386195213]","['thin', 4, 4, 'doc2vec', 3, 0.06749076953067608, 0.01687269238266902]"
127.0.0.1,"The domestic cat (Felis silvestris catus or Felis catus)[1][4] is a small, typically furry, carnivorous mammal. They are often called house cats[5] when kept as indoor pets or simply cats when there is no need to distinguish them from other felids and felines. They are often valued by humans for companionship and for their ability to hunt vermin. There are more than seventy cat breeds recognized by various cat registries.",Please! lets keep this just between the two of us.,"['cat', 8, 4, 'doc2vec', 1, 0.37311394752129756, 0.09327848688032439]","['cat', 3, 4, 'doc2vec', 1, 0.37311394752129756, 0.09327848688032439]","['hunt', 5, 4, 'doc2vec', 3, 0.12670215751081632, 0.03167553937770408]","['can', 3, 4, 'doc2vec', 4, 0.0747970273086023, 0.018699256827150575]","['thin', 4, 4, 'doc2vec', 3, 0.06749301932565262, 0.016873254831413154]"
127.0.0.1,"The domestic cat (Felis silvestris catus or Felis catus)[1][4] is a small, typically furry, carnivorous mammal. They are often called house cats[5] when kept as indoor pets or simply cats when there is no need to distinguish them from other felids and felines. They are often valued by humans for companionship and for their ability to hunt vermin. There are more than seventy cat breeds recognized by various cat registries.",Please! lets keep this just between the two of us.,"['cat', 8, 4, 'doc2vec', 1, 0.37895264173087656, 0.09473816043271914]","['cat', 3, 4, 'doc2vec', 1, 0.37895264173087656, 0.09473816043271914]","['eye', 10, 3, 'doc2vec', 3, 0.13864388021940832, 0.046214626739802776]","['eye', 9, 3, 'doc2vec', 3, 0.13864388021940832, 0.046214626739802776]","['eye', 8, 3, 'doc2vec', 3, 0.13864388021940832, 0.046214626739802776]"
127.0.0.1,"The domestic cat (Felis silvestris catus or Felis catus)[1][4] is a small, typically furry, carnivorous mammal. They are often called house cats[5] when kept as indoor pets or simply cats when there is no need to distinguish them from other felids and felines. They are often valued by humans for companionship and for their ability to hunt vermin. There are more than seventy cat breeds recognized by various cat registries.",Please! lets keep this just between the two of us.,"['cat', 8, 4, 'doc2vec', 1, 0.36451725867303675, 0.09112931466825919]","['cat', 3, 4, 'doc2vec', 1, 0.36451725867303675, 0.09112931466825919]","['food', 8, 4, 'doc2vec', 2, 0.14591168950725072, 0.03647792237681268]","['hunt', 5, 4, 'doc2vec', 5, 0.1221548366123695, 0.030538709153092376]","['can', 3, 4, 'doc2vec', 2, 0.07587055867463023, 0.018967639668657558]"
127.0.0.1,"The domestic cat (Felis silvestris catus or Felis catus)[1][4] is a small, typically furry, carnivorous mammal. They are often called house cats[5] when kept as indoor pets or simply cats when there is no need to distinguish them from other felids and felines. They are often valued by humans for companionship and for their ability to hunt vermin. There are more than seventy cat breeds recognized by various cat registries.",Please! lets keep this just between the two of us.,"['cat', 8, 4, 'doc2vec', 1, 0.38683647511739533, 0.09670911877934883]","['cat', 3, 4, 'doc2vec', 1, 0.38683647511739533, 0.09670911877934883]","['eye', 10, 3, 'doc2vec', 3, 0.1394779583481545, 0.046492652782718163]","['eye', 9, 3, 'doc2vec', 3, 0.1394779583481545, 0.046492652782718163]","['eye', 8, 3, 'doc2vec', 3, 0.1394779583481545, 0.046492652782718163]"
127.0.0.1,"The domestic cat (Felis silvestris catus or Felis catus)[1][4] is a small, typically furry, carnivorous mammal. They are often called house cats[5] when kept as indoor pets or simply cats when there is no need to distinguish them from other felids and felines. They are often valued by humans for companionship and for their ability to hunt vermin. There are more than seventy cat breeds recognized by various cat registries.",Please! lets keep this just between the two of us.,"['cat', 8, 4, 'doc2vec', 1, 0.3208771053126458, 0.08021927632816145]","['cat', 3, 4, 'doc2vec', 1, 0.3208771053126458, 0.08021927632816145]","['eye', 10, 3, 'doc2vec', 5, 0.13084250517175128, 0.04361416839058376]","['eye', 9, 3, 'doc2vec', 5, 0.13084250517175128, 0.04361416839058376]","['eye', 8, 3, 'doc2vec', 5, 0.13084250517175128, 0.04361416839058376]"
127.0.0.1,"The domestic cat (Felis silvestris catus or Felis catus)[1][4] is a small, typically furry, carnivorous mammal. They are often called house cats[5] when kept as indoor pets or simply cats when there is no need to distinguish them from other felids and felines. They are often valued by humans for companionship and for their ability to hunt vermin. There are more than seventy cat breeds recognized by various cat registries.",Please! lets keep this just between the two of us.,"['cat', 8, 4, 'doc2vec', 1, 0.37586197588048725, 0.09396549397012181]","['cat', 3, 4, 'doc2vec', 1, 0.37586197588048725, 0.09396549397012181]","['food', 8, 4, 'doc2vec', 3, 0.14643603383403767, 0.036609008458509416]","['hunt', 5, 4, 'doc2vec', 2, 0.12952067333466624, 0.03238016833366656]","['can', 3, 4, 'doc2vec', 3, 0.07614320507565228, 0.01903580126891307]"
127.0.0.1,"The domestic cat (Felis silvestris catus or Felis catus)[1][4] is a small, typically furry, carnivorous mammal. They are often called house cats[5] when kept as indoor pets or simply cats when there is no need to distinguish them from other felids and felines. They are often valued by humans for companionship and for their ability to hunt vermin. There are more than seventy cat breeds recognized by various cat registries.",Please! lets keep this just between the two of us.,"['cat', 8, 4, 'doc2vec', 1, 0.35858468424246726, 0.08964617106061681]","['cat', 3, 4, 'doc2vec', 1, 0.35858468424246726, 0.08964617106061681]","['eye', 10, 3, 'doc2vec', 4, 0.13399751302472565, 0.04466583767490855]","['eye', 9, 3, 'doc2vec', 4, 0.13399751302472565, 0.04466583767490855]","['eye', 8, 3, 'doc2vec', 4, 0.13399751302472565, 0.04466583767490855]"
127.0.0.1,"The domestic cat (Felis silvestris catus or Felis catus)[1][4] is a small, typically furry, carnivorous mammal. They are often called house cats[5] when kept as indoor pets or simply cats when there is no need to distinguish them from other felids and felines. They are often valued by humans for companionship and for their ability to hunt vermin. There are more than seventy cat breeds recognized by various cat registries.",Please! lets keep this just between the two of us.,"['cat', 8, 4, 'doc2vec', 1, 0.31371679061226315, 0.07842919765306579]","['cat', 3, 4, 'doc2vec', 1, 0.31371679061226315, 0.07842919765306579]","['food', 8, 4, 'doc2vec', 4, 0.1434294747944704, 0.0358573686986176]","['can', 3, 4, 'doc2vec', 4, 0.07457986690315518, 0.018644966725788796]","['pet', 8, 4, 'doc2vec', 1, 0.07445616773424149, 0.018614041933560373]"
127.0.0.1,"The domestic cat (Felis silvestris catus or Felis catus)[1][4] is a small, typically furry, carnivorous mammal. They are often called house cats[5] when kept as indoor pets or simply cats when there is no need to distinguish them from other felids and felines. They are often valued by humans for companionship and for their ability to hunt vermin. There are more than seventy cat breeds recognized by various cat registries.",Please! lets keep this just between the two of us.,"['cat', 8, 4, 'doc2vec', 1, 0.3635919935486449, 0.09089799838716123]","['cat', 3, 4, 'doc2vec', 1, 0.3635919935486449, 0.09089799838716123]","['food', 8, 4, 'doc2vec', 2, 0.14738572299778033, 0.03684643074944508]","['hunt', 5, 4, 'doc2vec', 3, 0.12696071932360894, 0.031740179830902236]","['heat', 8, 4, 'doc2vec', 4, 0.08997735236337495, 0.022494338090843738]"
127.0.0.1,"The domestic cat (Felis silvestris catus or Felis catus)[1][4] is a small, typically furry, carnivorous mammal. They are often called house cats[5] when kept as indoor pets or simply cats when there is no need to distinguish them from other felids and felines. They are often valued by humans for companionship and for their ability to hunt vermin. There are more than seventy cat breeds recognized by various cat registries.",Please! lets keep this just between the two of us punt.,"['cat', 8, 4, 'doc2vec', 1, 0.3543873616513698, 0.08859684041284245]","['cat', 3, 4, 'doc2vec', 1, 0.3543873616513698, 0.08859684041284245]","['hunt', 11, 2, 'doc2vec', 3, 0.12514670036573894, 0.06257335018286947]","['food', 8, 4, 'doc2vec', 2, 0.14530649839844542, 0.036326624599611355]","['hunt', 5, 4, 'doc2vec', 3, 0.12514670036573894, 0.031286675091434735]"
127.0.0.1,"The domestic cat (Felis silvestris catus or Felis catus)[1][4] is a small, typically furry, carnivorous mammal. They are often called house cats[5] when kept as indoor pets or simply cats when there is no need to distinguish them from other felids and felines. They are often valued by humans for companionship and for their ability to hunt vermin. There are more than seventy cat breeds recognized by various cat registries.",Please! lets keep this just between the two of us punt.,"['cat', 8, 4, 'doc2vec', 1, 0.35901152880103265, 0.08975288220025816]","['cat', 3, 4, 'doc2vec', 1, 0.35901152880103265, 0.08975288220025816]","['hunt', 11, 2, 'doc2vec', 3, 0.12790453951465475, 0.06395226975732737]","['eye', 10, 3, 'doc2vec', 5, 0.1339551194849289, 0.044651706494976295]","['eye', 9, 3, 'doc2vec', 5, 0.1339551194849289, 0.044651706494976295]"
127.0.0.1,"The domestic cat (Felis silvestris catus or Felis catus)[1][4] is a small, typically furry, carnivorous mammal. They are often called house cats[5] when kept as indoor pets or simply cats when there is no need to distinguish them from other felids and felines. They are often valued by humans for companionship and for their ability to hunt vermin. There are more than seventy cat breeds recognized by various cat registries.",Please! lets keep this just between the two of us punt.,"['cat', 8, 4, 'doc2vec', 1, 0.36426772861645, 0.0910669321541125]","['cat', 3, 4, 'doc2vec', 1, 0.36426772861645, 0.0910669321541125]","['hunt', 11, 2, 'doc2vec', 2, 0.12719569445090956, 0.06359784722545478]","['eye', 10, 3, 'doc2vec', 4, 0.13367028173660495, 0.044556760578868315]","['eye', 9, 3, 'doc2vec', 4, 0.13367028173660495, 0.044556760578868315]"
127.0.0.1,"The domestic cat (Felis silvestris catus or Felis catus)[1][4] is a small, typically furry, carnivorous mammal. They are often called house cats[5] when kept as indoor pets or simply cats when there is no need to distinguish them from other felids and felines. They are often valued by humans for companionship and for their ability to hunt vermin. There are more than seventy cat breeds recognized by various cat registries.",Please! lets keep this just between the two of us punt.,"['cat', 8, 4, 'doc2vec', 1, 0.3664260410260173, 0.09160651025650432]","['cat', 3, 4, 'doc2vec', 1, 0.3664260410260173, 0.09160651025650432]","['eye', 10, 3, 'doc2vec', 3, 0.1363023910273344, 0.045434130342444805]","['eye', 9, 3, 'doc2vec', 3, 0.1363023910273344, 0.045434130342444805]","['eye', 8, 3, 'doc2vec', 3, 0.1363023910273344, 0.045434130342444805]"
127.0.0.1,"The domestic cat (Felis silvestris catus or Felis catus)[1][4] is a small, typically furry, carnivorous mammal. They are often called house cats[5] when kept as indoor pets or simply cats when there is no need to distinguish them from other felids and felines. They are often valued by humans for companionship and for their ability to hunt vermin. There are more than seventy cat breeds recognized by various cat registries.",Please! lets keep this just between the two of us punt.,"['cat', 8, 4, 'doc2vec', 1, 0.3641811765421448, 0.0910452941355362]","['cat', 3, 4, 'doc2vec', 1, 0.3641811765421448, 0.0910452941355362]","['eye', 10, 3, 'doc2vec', 3, 0.1356215244571057, 0.04520717481903524]","['eye', 9, 3, 'doc2vec', 3, 0.1356215244571057, 0.04520717481903524]","['eye', 8, 3, 'doc2vec', 3, 0.1356215244571057, 0.04520717481903524]"
127.0.0.1,"The domestic cat (Felis silvestris catus or Felis catus)[1][4] is a small, typically furry, carnivorous mammal. They are often called house cats[5] when kept as indoor pets or simply cats when there is no need to distinguish them from other felids and felines. They are often valued by humans for companionship and for their ability to hunt vermin. There are more than seventy cat breeds recognized by various cat registries.",Please! lets keep this just between the two of us punt.,"['cat', 8, 4, 'doc2vec', 1, 0.37340765964044526, 0.09335191491011131]","['cat', 3, 4, 'doc2vec', 1, 0.37340765964044526, 0.09335191491011131]","['hunt', 11, 2, 'doc2vec', 3, 0.12944862958238657, 0.06472431479119328]","['eye', 10, 3, 'doc2vec', 4, 0.13635051510428775, 0.04545017170142925]","['eye', 9, 3, 'doc2vec', 4, 0.13635051510428775, 0.04545017170142925]"
127.0.0.1,"The domestic cat (Felis silvestris catus or Felis catus)[1][4] is a small, typically furry, carnivorous mammal. They are often called house cats[5] when kept as indoor pets or simply cats when there is no need to distinguish them from other felids and felines. They are often valued by humans for companionship and for their ability to hunt vermin. There are more than seventy cat breeds recognized by various cat registries.",Please! lets keep this just between the two of us punt.,"['cat', 8, 4, 'doc2vec', 1, 0.35692876292183956, 0.08923219073045989]","['cat', 3, 4, 'doc2vec', 1, 0.35692876292183956, 0.08923219073045989]","['hunt', 11, 2, 'doc2vec', 2, 0.1273045146180839, 0.06365225730904195]","['hunt', 5, 4, 'doc2vec', 2, 0.1273045146180839, 0.031826128654520974]","['can', 3, 4, 'doc2vec', 4, 0.07266663426397056, 0.01816665856599264]"
127.0.0.1,"The domestic cat (Felis silvestris catus or Felis catus)[1][4] is a small, typically furry, carnivorous mammal. They are often called house cats[5] when kept as indoor pets or simply cats when there is no need to distinguish them from other felids and felines. They are often valued by humans for companionship and for their ability to hunt vermin. There are more than seventy cat breeds recognized by various cat registries.",Please! lets keep this just between the two of us punt.,"['cat', 8, 4, 'doc2vec', 1, 0.3736212151587586, 0.09340530378968966]","['cat', 3, 4, 'doc2vec', 1, 0.3736212151587586, 0.09340530378968966]","['eye', 10, 3, 'doc2vec', 5, 0.1345923489991605, 0.044864116333053504]","['eye', 9, 3, 'doc2vec', 5, 0.1345923489991605, 0.044864116333053504]","['eye', 8, 3, 'doc2vec', 5, 0.1345923489991605, 0.044864116333053504]"
127.0.0.1,"The domestic cat (Felis silvestris catus or Felis catus)[1][4] is a small, typically furry, carnivorous mammal. They are often called house cats[5] when kept as indoor pets or simply cats when there is no need to distinguish them from other felids and felines. They are often valued by humans for companionship and for their ability to hunt vermin. There are more than seventy cat breeds recognized by various cat registries.",Please! lets keep this just between the two of us punt.,"['cat', 8, 4, 'doc2vec', 1, 0.36821648047198136, 0.09205412011799534]","['cat', 3, 4, 'doc2vec', 1, 0.36821648047198136, 0.09205412011799534]","['eye', 10, 3, 'doc2vec', 3, 0.13236275553984758, 0.04412091851328253]","['eye', 9, 3, 'doc2vec', 3, 0.13236275553984758, 0.04412091851328253]","['eye', 8, 3, 'doc2vec', 3, 0.13236275553984758, 0.04412091851328253]"
127.0.0.1,"The domestic cat (Felis silvestris catus or Felis catus)[1][4] is a small, typically furry, carnivorous mammal. They are often called house cats[5] when kept as indoor pets or simply cats when there is no need to distinguish them from other felids and felines. They are often valued by humans for companionship and for their ability to hunt vermin. There are more than seventy cat breeds recognized by various cat registries.",Please! lets keep this just between the two of us punt.,"['cat', 8, 4, 'doc2vec', 1, 0.3596864377868478, 0.08992160944671194]","['cat', 3, 4, 'doc2vec', 1, 0.3596864377868478, 0.08992160944671194]","['hunt', 11, 2, 'doc2vec', 2, 0.13068766061145975, 0.06534383030572988]","['eye', 10, 3, 'doc2vec', 3, 0.13780914924465698, 0.045936383081552325]","['eye', 9, 3, 'doc2vec', 3, 0.13780914924465698, 0.045936383081552325]"
127.0.0.1,"The domestic cat (Felis silvestris catus or Felis catus)[1][4] is a small, typically furry, carnivorous mammal. They are often called house cats[5] when kept as indoor pets or simply cats when there is no need to distinguish them from other felids and felines. They are often valued by humans for companionship and for their ability to hunt vermin. There are more than seventy cat breeds recognized by various cat registries.",Please! lets keep this just between the two of us punt.,"['cat', 8, 4, 'doc2vec', 1, 0.3553273630125507, 0.08883184075313767]","['cat', 3, 4, 'doc2vec', 1, 0.3553273630125507, 0.08883184075313767]","['hunt', 11, 2, 'doc2vec', 3, 0.12754954372931257, 0.06377477186465629]","['eye', 10, 3, 'doc2vec', 2, 0.1350837555136317, 0.0450279185045439]","['eye', 9, 3, 'doc2vec', 2, 0.1350837555136317, 0.0450279185045439]"
127.0.0.1,"The domestic cat (Felis silvestris catus or Felis catus)[1][4] is a small, typically furry, carnivorous mammal. They are often called house cats[5] when kept as indoor pets or simply cats when there is no need to distinguish them from other felids and felines. They are often valued by humans for companionship and for their ability to hunt vermin. There are more than seventy cat breeds recognized by various cat registries.",Please! lets keep this just between the two of us punt.,"['cat', 8, 4, 'doc2vec', 1, 0.36408124726916313, 0.09102031181729078]","['cat', 3, 4, 'doc2vec', 1, 0.36408124726916313, 0.09102031181729078]","['hunt', 11, 2, 'doc2vec', 3, 0.12692117953301474, 0.06346058976650737]","['eye', 10, 3, 'doc2vec', 2, 0.13571878814924268, 0.04523959604974756]","['eye', 9, 3, 'doc2vec', 2, 0.13571878814924268, 0.04523959604974756]"
127.0.0.1,"The domestic cat (Felis silvestris catus or Felis catus)[1][4] is a small, typically furry, carnivorous mammal. They are often called house cats[5] when kept as indoor pets or simply cats when there is no need to distinguish them from other felids and felines. They are often valued by humans for companionship and for their ability to hunt vermin. There are more than seventy cat breeds recognized by various cat registries.",Please! lets keep this just between the two of us punt.,"['cat', 8, 4, 'doc2vec', 1, 0.37042758218548905, 0.09260689554637226]","['cat', 3, 4, 'doc2vec', 1, 0.37042758218548905, 0.09260689554637226]","['eye', 10, 3, 'doc2vec', 4, 0.1323588177385465, 0.04411960591284883]","['eye', 9, 3, 'doc2vec', 4, 0.1323588177385465, 0.04411960591284883]","['eye', 8, 3, 'doc2vec', 4, 0.1323588177385465, 0.04411960591284883]"
127.0.0.1,"The domestic cat (Felis silvestris catus or Felis catus)[1][4] is a small, typically furry, carnivorous mammal. They are often called house cats[5] when kept as indoor pets or simply cats when there is no need to distinguish them from other felids and felines. They are often valued by humans for companionship and for their ability to hunt vermin. There are more than seventy cat breeds recognized by various cat registries.",Please! lets keep this just between the two of us punt.,"['cat', 8, 4, 'doc2vec', 1, 0.38105600636420695, 0.09526400159105174]","['cat', 3, 4, 'doc2vec', 1, 0.38105600636420695, 0.09526400159105174]","['hunt', 11, 2, 'doc2vec', 2, 0.13017865072729012, 0.06508932536364506]","['eye', 10, 3, 'doc2vec', 4, 0.13477557074864627, 0.04492519024954875]","['eye', 9, 3, 'doc2vec', 4, 0.13477557074864627, 0.04492519024954875]"
127.0.0.1,"The domestic cat (Felis silvestris catus or Felis catus)[1][4] is a small, typically furry, carnivorous mammal. They are often called house cats[5] when kept as indoor pets or simply cats when there is no need to distinguish them from other felids and felines. They are often valued by humans for companionship and for their ability to hunt vermin. There are more than seventy cat breeds recognized by various cat registries.",Please! lets keep this just between the two of us punt.,"['cat', 8, 4, 'doc2vec', 1, 0.36804889241923955, 0.09201222310480989]","['cat', 3, 4, 'doc2vec', 1, 0.36804889241923955, 0.09201222310480989]","['hunt', 11, 2, 'doc2vec', 3, 0.12753845102969605, 0.06376922551484802]","['food', 8, 4, 'doc2vec', 2, 0.14632675901515435, 0.03658168975378859]","['hunt', 5, 4, 'doc2vec', 3, 0.12753845102969605, 0.03188461275742401]"
127.0.0.1,"The domestic cat (Felis silvestris catus or Felis catus)[1][4] is a small, typically furry, carnivorous mammal. They are often called house cats[5] when kept as indoor pets or simply cats when there is no need to distinguish them from other felids and felines. They are often valued by humans for companionship and for their ability to hunt vermin. There are more than seventy cat breeds recognized by various cat registries.",Please! lets keep this just between the two of us punt.,"['cat', 8, 4, 'doc2vec', 1, 0.37317912805508774, 0.09329478201377193]","['cat', 3, 4, 'doc2vec', 1, 0.37317912805508774, 0.09329478201377193]","['hunt', 11, 2, 'doc2vec', 3, 0.1267033334153693, 0.06335166670768465]","['hunt', 5, 4, 'doc2vec', 3, 0.1267033334153693, 0.031675833353842324]","['can', 3, 4, 'doc2vec', 4, 0.07479259914976193, 0.01869814978744048]"
127.0.0.1,"The domestic cat (Felis silvestris catus or Felis catus)[1][4] is a small, typically furry, carnivorous mammal. They are often called house cats[5] when kept as indoor pets or simply cats when there is no need to distinguish them from other felids and felines. They are often valued by humans for companionship and for their ability to hunt vermin. There are more than seventy cat breeds recognized by various cat registries.",Please! lets keep this just between the two of us punt.,"['cat', 8, 4, 'doc2vec', 1, 0.3789974633407846, 0.09474936583519615]","['cat', 3, 4, 'doc2vec', 1, 0.3789974633407846, 0.09474936583519615]","['hunt', 11, 2, 'doc2vec', 4, 0.12958803306714317, 0.06479401653357159]","['eye', 10, 3, 'doc2vec', 3, 0.13866389046759886, 0.04622129682253295]","['eye', 9, 3, 'doc2vec', 3, 0.13866389046759886, 0.04622129682253295]"
127.0.0.1,"The domestic cat (Felis silvestris catus or Felis catus)[1][4] is a small, typically furry, carnivorous mammal. They are often called house cats[5] when kept as indoor pets or simply cats when there is no need to distinguish them from other felids and felines. They are often valued by humans for companionship and for their ability to hunt vermin. There are more than seventy cat breeds recognized by various cat registries.",Please! lets keep this just between the two of us punt.,"['cat', 8, 4, 'doc2vec', 1, 0.3645233610206402, 0.09113084025516005]","['cat', 3, 4, 'doc2vec', 1, 0.3645233610206402, 0.09113084025516005]","['hunt', 11, 2, 'doc2vec', 5, 0.12216088272161278, 0.06108044136080639]","['food', 8, 4, 'doc2vec', 2, 0.14589441081870294, 0.036473602704675735]","['hunt', 5, 4, 'doc2vec', 5, 0.12216088272161278, 0.030540220680403195]"
127.0.0.1,"The domestic cat (Felis silvestris catus or Felis catus)[1][4] is a small, typically furry, carnivorous mammal. They are often called house cats[5] when kept as indoor pets or simply cats when there is no need to distinguish them from other felids and felines. They are often valued by humans for companionship and for their ability to hunt vermin. There are more than seventy cat breeds recognized by various cat registries.",Please! lets keep this just between the two of us punt.,"['cat', 8, 4, 'doc2vec', 1, 0.386839939332192, 0.096709984833048]","['cat', 3, 4, 'doc2vec', 1, 0.386839939332192, 0.096709984833048]","['hunt', 11, 2, 'doc2vec', 4, 0.12936476798934937, 0.06468238399467469]","['eye', 10, 3, 'doc2vec', 3, 0.1395040100125517, 0.04650133667085057]","['eye', 9, 3, 'doc2vec', 3, 0.1395040100125517, 0.04650133667085057]"
127.0.0.1,"The domestic cat (Felis silvestris catus or Felis catus)[1][4] is a small, typically furry, carnivorous mammal. They are often called house cats[5] when kept as indoor pets or simply cats when there is no need to distinguish them from other felids and felines. They are often valued by humans for companionship and for their ability to hunt vermin. There are more than seventy cat breeds recognized by various cat registries.",Please! lets keep this just between the two of us punt.,"['cat', 8, 4, 'doc2vec', 1, 0.320789180600413, 0.08019729515010325]","['cat', 3, 4, 'doc2vec', 1, 0.320789180600413, 0.08019729515010325]","['eye', 10, 3, 'doc2vec', 5, 0.13087915781175644, 0.04362638593725215]","['eye', 9, 3, 'doc2vec', 5, 0.13087915781175644, 0.04362638593725215]","['eye', 8, 3, 'doc2vec', 5, 0.13087915781175644, 0.04362638593725215]"
127.0.0.1,"The domestic cat (Felis silvestris catus or Felis catus)[1][4] is a small, typically furry, carnivorous mammal. They are often called house cats[5] when kept as indoor pets or simply cats when there is no need to distinguish them from other felids and felines. They are often valued by humans for companionship and for their ability to hunt vermin. There are more than seventy cat breeds recognized by various cat registries.",Please! lets keep this just between the two of us punt.,"['cat', 8, 4, 'doc2vec', 1, 0.37589296727901467, 0.09397324181975367]","['cat', 3, 4, 'doc2vec', 1, 0.37589296727901467, 0.09397324181975367]","['hunt', 11, 2, 'doc2vec', 2, 0.1295187330921538, 0.0647593665460769]","['food', 8, 4, 'doc2vec', 3, 0.14641467638891958, 0.036603669097229896]","['hunt', 5, 4, 'doc2vec', 2, 0.1295187330921538, 0.03237968327303845]"
127.0.0.1,"The domestic cat (Felis silvestris catus or Felis catus)[1][4] is a small, typically furry, carnivorous mammal. They are often called house cats[5] when kept as indoor pets or simply cats when there is no need to distinguish them from other felids and felines. They are often valued by humans for companionship and for their ability to hunt vermin. There are more than seventy cat breeds recognized by various cat registries.",Please! lets keep this just between the two of us punt.,"['cat', 8, 4, 'doc2vec', 1, 0.3585897739734378, 0.08964744349335944]","['cat', 3, 4, 'doc2vec', 1, 0.3585897739734378, 0.08964744349335944]","['hunt', 11, 2, 'doc2vec', 2, 0.12983761880851466, 0.06491880940425733]","['eye', 10, 3, 'doc2vec', 4, 0.134042010179428, 0.04468067005980933]","['eye', 9, 3, 'doc2vec', 4, 0.134042010179428, 0.04468067005980933]"
127.0.0.1,"The domestic cat (Felis silvestris catus or Felis catus)[1][4] is a small, typically furry, carnivorous mammal. They are often called house cats[5] when kept as indoor pets or simply cats when there is no need to distinguish them from other felids and felines. They are often valued by humans for companionship and for their ability to hunt vermin. There are more than seventy cat breeds recognized by various cat registries.",Please! lets keep this just between the two of us punt.,"['cat', 8, 4, 'doc2vec', 1, 0.3136487810875825, 0.07841219527189562]","['cat', 3, 4, 'doc2vec', 1, 0.3136487810875825, 0.07841219527189562]","['food', 8, 4, 'doc2vec', 4, 0.14341076181789789, 0.03585269045447447]","['hunt', 11, 2, 'doc2vec', 1, 0.057815623660017, 0.0289078118300085]","['ones', 11, 4, 'doc2vec', 5, 0.08113431269882769, 0.020283578174706923]"
127.0.0.1,"The domestic cat (Felis silvestris catus or Felis catus)[1][4] is a small, typically furry, carnivorous mammal. They are often called house cats[5] when kept as indoor pets or simply cats when there is no need to distinguish them from other felids and felines. They are often valued by humans for companionship and for their ability to hunt vermin. There are more than seventy cat breeds recognized by various cat registries.",Please! lets keep this just between the two of us punt.,"['cat', 8, 4, 'doc2vec', 1, 0.3636298867289596, 0.0909074716822399]","['cat', 3, 4, 'doc2vec', 1, 0.3636298867289596, 0.0909074716822399]","['hunt', 11, 2, 'doc2vec', 3, 0.12697203740493143, 0.06348601870246572]","['food', 8, 4, 'doc2vec', 2, 0.14737242221742608, 0.03684310555435652]","['hunt', 5, 4, 'doc2vec', 3, 0.12697203740493143, 0.03174300935123286]"
127.0.0.1,"The domestic cat (Felis silvestris catus or Felis catus)[1][4] is a small, typically furry, carnivorous mammal. They are often called house cats[5] when kept as indoor pets or simply cats when there is no need to distinguish them from other felids and felines. They are often valued by humans for companionship and for their ability to hunt vermin. There are more than seventy cat breeds recognized by various cat registries.",Please! lets keep this just between the two of us punt.,"['cat', 8, 4, 'doc2vec', 1, 0.35440204459254654, 0.08860051114813663]","['cat', 3, 4, 'doc2vec', 1, 0.35440204459254654, 0.08860051114813663]","['hunt', 11, 2, 'doc2vec', 3, 0.12514507369777397, 0.06257253684888699]","['food', 8, 4, 'doc2vec', 2, 0.1452962678908941, 0.03632406697272352]","['hunt', 5, 4, 'doc2vec', 3, 0.12514507369777397, 0.03128626842444349]"
127.0.0.1,"The domestic cat (Felis silvestris catus or Felis catus)[1][4] is a small, typically furry, carnivorous mammal. They are often called house cats[5] when kept as indoor pets or simply cats when there is no need to distinguish them from other felids and felines. They are often valued by humans for companionship and for their ability to hunt vermin. There are more than seventy cat breeds recognized by various cat registries.",Please! lets keep this just between the two of us punt.,"['cat', 8, 4, 'doc2vec', 1, 0.3590294627745571, 0.08975736569363928]","['cat', 3, 4, 'doc2vec', 1, 0.3590294627745571, 0.08975736569363928]","['hunt', 11, 2, 'doc2vec', 3, 0.12791297662982243, 0.06395648831491121]","['eye', 10, 3, 'doc2vec', 5, 0.13398569962082238, 0.04466189987360746]","['eye', 9, 3, 'doc2vec', 5, 0.13398569962082238, 0.04466189987360746]"
127.0.0.1,"The domestic cat (Felis silvestris catus or Felis catus)[1][4] is a small, typically furry, carnivorous mammal. They are often called house cats[5] when kept as indoor pets or simply cats when there is no need to distinguish them from other felids and felines. They are often valued by humans for companionship and for their ability to hunt vermin. There are more than seventy cat breeds recognized by various cat registries.",Please! lets keep this just between the two of us punt.,"['cat', 8, 4, 'doc2vec', 1, 0.3643199050208495, 0.09107997625521237]","['cat', 3, 4, 'doc2vec', 1, 0.3643199050208495, 0.09107997625521237]","['hunt', 11, 2, 'doc2vec', 2, 0.12721066763555094, 0.06360533381777547]","['eye', 10, 3, 'doc2vec', 4, 0.13370269605889396, 0.044567565352964654]","['eye', 9, 3, 'doc2vec', 4, 0.13370269605889396, 0.044567565352964654]"
127.0.0.1,"The domestic cat (Felis silvestris catus or Felis catus)[1][4] is a small, typically furry, carnivorous mammal. They are often called house cats[5] when kept as indoor pets or simply cats when there is no need to distinguish them from other felids and felines. They are often valued by humans for companionship and for their ability to hunt vermin. There are more than seventy cat breeds recognized by various cat registries.",Please! lets keep this just between the two of us punt.,"['cat', 8, 4, 'doc2vec', 1, 0.3664174604324439, 0.09160436510811097]","['cat', 3, 4, 'doc2vec', 1, 0.3664174604324439, 0.09160436510811097]","['eye', 10, 3, 'doc2vec', 3, 0.13632709554918127, 0.04544236518306042]","['eye', 9, 3, 'doc2vec', 3, 0.13632709554918127, 0.04544236518306042]","['eye', 8, 3, 'doc2vec', 3, 0.13632709554918127, 0.04544236518306042]"
127.0.0.1,"The domestic cat (Felis silvestris catus or Felis catus)[1][4] is a small, typically furry, carnivorous mammal. They are often called house cats[5] when kept as indoor pets or simply cats when there is no need to distinguish them from other felids and felines. They are often valued by humans for companionship and for their ability to hunt vermin. There are more than seventy cat breeds recognized by various cat registries.",Please! lets keep this just between the two of us punt.,"['cat', 8, 4, 'doc2vec', 1, 0.36422346661047067, 0.09105586665261767]","['cat', 3, 4, 'doc2vec', 1, 0.36422346661047067, 0.09105586665261767]","['eye', 10, 3, 'doc2vec', 3, 0.13564952429688348, 0.04521650809896116]","['eye', 9, 3, 'doc2vec', 3, 0.13564952429688348, 0.04521650809896116]","['eye', 8, 3, 'doc2vec', 3, 0.13564952429688348, 0.04521650809896116]"
127.0.0.1,"The domestic cat (Felis silvestris catus or Felis catus)[1][4] is a small, typically furry, carnivorous mammal. They are often called house cats[5] when kept as indoor pets or simply cats when there is no need to distinguish them from other felids and felines. They are often valued by humans for companionship and for their ability to hunt vermin. There are more than seventy cat breeds recognized by various cat registries.",Please! lets keep this just between the two of us punt.,"['cat', 8, 4, 'doc2vec', 1, 0.37341528091299797, 0.09335382022824949]","['cat', 3, 4, 'doc2vec', 1, 0.37341528091299797, 0.09335382022824949]","['hunt', 11, 2, 'doc2vec', 3, 0.12945037384080685, 0.06472518692040342]","['eye', 10, 3, 'doc2vec', 4, 0.13635649434468441, 0.04545216478156147]","['eye', 9, 3, 'doc2vec', 4, 0.13635649434468441, 0.04545216478156147]"
127.0.0.1,"The domestic cat (Felis silvestris catus or Felis catus)[1][4] is a small, typically furry, carnivorous mammal. They are often called house cats[5] when kept as indoor pets or simply cats when there is no need to distinguish them from other felids and felines. They are often valued by humans for companionship and for their ability to hunt vermin. There are more than seventy cat breeds recognized by various cat registries.",Please! lets keep this just between the two of us punt.,"['cat', 8, 4, 'doc2vec', 1, 0.37316790932870764, 0.09329197733217691]","['cat', 3, 4, 'doc2vec', 1, 0.37316790932870764, 0.09329197733217691]","['hunt', 11, 2, 'doc2vec', 3, 0.12673426950431746, 0.06336713475215873]","['hunt', 5, 4, 'doc2vec', 3, 0.12673426950431746, 0.031683567376079365]","['can', 3, 4, 'doc2vec', 4, 0.07479649709484641, 0.018699124273711603]"
127.0.0.1,"The domestic cat (Felis silvestris catus or Felis catus)[1][4] is a small, typically furry, carnivorous mammal. They are often called house cats[5] when kept as indoor pets or simply cats when there is no need to distinguish them from other felids and felines. They are often valued by humans for companionship and for their ability to hunt vermin. There are more than seventy cat breeds recognized by various cat registries.",Please! lets keep this just between the two of us punt.,"['cat', 8, 4, 'doc2vec', 1, 0.37896082260735797, 0.09474020565183949]","['cat', 3, 4, 'doc2vec', 1, 0.37896082260735797, 0.09474020565183949]","['hunt', 11, 2, 'doc2vec', 4, 0.12960884657773106, 0.06480442328886553]","['eye', 10, 3, 'doc2vec', 3, 0.1386777660358677, 0.046225922011955904]","['eye', 9, 3, 'doc2vec', 3, 0.1386777660358677, 0.046225922011955904]"
127.0.0.1,"The domestic cat (Felis silvestris catus or Felis catus)[1][4] is a small, typically furry, carnivorous mammal. They are often called house cats[5] when kept as indoor pets or simply cats when there is no need to distinguish them from other felids and felines. They are often valued by humans for companionship and for their ability to hunt vermin. There are more than seventy cat breeds recognized by various cat registries.",Please! lets keep this just between the two of us punt.,"['cat', 8, 4, 'doc2vec', 1, 0.36451275519380105, 0.09112818879845026]","['cat', 3, 4, 'doc2vec', 1, 0.36451275519380105, 0.09112818879845026]","['hunt', 11, 2, 'doc2vec', 5, 0.12218319551050572, 0.06109159775525286]","['food', 8, 4, 'doc2vec', 2, 0.1459000135062995, 0.036475003376574874]","['hunt', 5, 4, 'doc2vec', 5, 0.12218319551050572, 0.03054579887762643]"
127.0.0.1,"The domestic cat (Felis silvestris catus or Felis catus)[1][4] is a small, typically furry, carnivorous mammal. They are often called house cats[5] when kept as indoor pets or simply cats when there is no need to distinguish them from other felids and felines. They are often valued by humans for companionship and for their ability to hunt vermin. There are more than seventy cat breeds recognized by various cat registries.",Please! lets keep this just between the two of us punt.,"['cat', 8, 4, 'doc2vec', 1, 0.3868198735341773, 0.09670496838354432]","['cat', 3, 4, 'doc2vec', 1, 0.3868198735341773, 0.09670496838354432]","['hunt', 11, 2, 'doc2vec', 4, 0.12937260735303596, 0.06468630367651798]","['eye', 10, 3, 'doc2vec', 3, 0.13951240374690402, 0.04650413458230134]","['eye', 9, 3, 'doc2vec', 3, 0.13951240374690402, 0.04650413458230134]"
127.0.0.1,"The domestic cat is a small, typically furry, carnivorous mammal. They are often called house cats when kept as indoor pets or simply cats when there is no need to distinguish them from other felines. They are often valued by humans for companionship and for their ability to hunt vermin. There are more than seventy cat breeds recognized by various cat registries.",You look nice!,"['book', 1, 2, 'doc2vec', 2, 0.16264843654545655, 0.08132421827272827]","['year', 0, 4, 'doc2vec', 1, 0.1697632917379894, 0.04244082293449735]","['week', 1, 4, 'doc2vec', 1, 0.1388184285544559, 0.03470460713861397]","['day', 0, 4, 'doc2vec', 1, 0.09204374855216987, 0.02301093713804247]","['buy', 2, 4, 'doc2vec', 2, 0.07863449026647236, 0.01965862256661809]"
127.0.0.1,"The domestic cat is a small, typically furry, carnivorous mammal. They are often called house cats when kept as indoor pets or simply cats when there is no need to distinguish them from other felines. They are often valued by humans for companionship and for their ability to hunt vermin. There are more than seventy cat breeds recognized by various cat registries.",You look nice!,"['book', 1, 2, 'doc2vec', 3, 0.16221439444682167, 0.08110719722341084]","['year', 0, 4, 'doc2vec', 1, 0.1705110333091159, 0.042627758327278976]","['air', 0, 4, 'doc2vec', 5, 0.15886611470326076, 0.03971652867581519]","['cease', 2, 4, 'doc2vec', 5, 0.14950846893704658, 0.037377117234261646]","['week', 1, 4, 'doc2vec', 1, 0.13942986998449616, 0.03485746749612404]"
127.0.0.1,"The domestic cat is a small, typically furry, carnivorous mammal. They are often called house cats when kept as indoor pets or simply cats when there is no need to distinguish them from other felines. They are often valued by humans for companionship and for their ability to hunt vermin. There are more than seventy cat breeds recognized by various cat registries.",You look nice!,"['book', 1, 2, 'doc2vec', 2, 0.16432758144353332, 0.08216379072176666]","['year', 0, 4, 'doc2vec', 1, 0.17258755528304537, 0.04314688882076134]","['week', 1, 4, 'doc2vec', 1, 0.14112787851348124, 0.03528196962837031]","['view', 0, 1, 'doc2vec', 5, 0.029244540537459066, 0.029244540537459066]","['day', 0, 4, 'doc2vec', 1, 0.09357503250010019, 0.023393758125025046]"
127.0.0.1,None
127.0.0.1,"The domestic cat is a small, typically furry, carnivorous mammal. They are often called house cats when kept as indoor pets or simply cats when there is no need to distinguish them from other felines. They are often valued by humans for companionship and for their ability to hunt vermin. There are more than seventy cat breeds recognized by various cat registries.",
127.0.0.1,None
127.0.0.1,"The domestic cat is a small, typically furry, carnivorous mammal. They are often called house cats when kept as indoor pets or simply cats when there is no need to distinguish them from other felines. They are often valued by humans for companionship and for their ability to hunt vermin. There are more than seventy cat breeds recognized by various cat registries.",You look nice!,"['book', 1, 2, 'doc2vec', 2, 0.16723120030282396, 0.08361560015141198]","['year', 0, 4, 'doc2vec', 1, 0.16954666985031946, 0.042386667462579866]","['week', 1, 4, 'doc2vec', 1, 0.13864129302810635, 0.03466032325702659]","['day', 0, 4, 'doc2vec', 1, 0.09192629859961853, 0.02298157464990463]","['buy', 2, 4, 'doc2vec', 2, 0.08085008667628807, 0.020212521669072017]"
127.0.0.1,"The domestic cat is a small, typically furry, carnivorous mammal. They are often called house cats when kept as indoor pets or simply cats when there is no need to distinguish them from other felines. They are often valued by humans for companionship and for their ability to hunt vermin. There are more than seventy cat breeds recognized by various cat registries.",You look nice!,"['book', 1, 2, 'doc2vec', 2, 0.1626396746059205, 0.08131983730296025]","['year', 0, 4, 'doc2vec', 1, 0.16976472413822527, 0.04244118103455632]","['week', 1, 4, 'doc2vec', 1, 0.13881959985331424, 0.03470489996332856]","['day', 0, 4, 'doc2vec', 1, 0.09204452518347683, 0.023011131295869208]","['buy', 2, 4, 'doc2vec', 2, 0.07863025419348085, 0.019657563548370213]"
127.0.0.1,"The domestic cat is a small, typically furry, carnivorous mammal. They are often called house cats when kept as indoor pets or simply cats when there is no need to distinguish them from other felines. They are often valued by humans for companionship and for their ability to hunt vermin. There are more than seventy cat breeds recognized by various cat registries.",You look nice!,"['book', 1, 2, 'doc2vec', 2, 0.16264371530619198, 0.08132185765309599]","['year', 0, 4, 'doc2vec', 1, 0.1697692791709753, 0.04244231979274383]","['week', 1, 4, 'doc2vec', 1, 0.13882332458368382, 0.034705831145920955]","['day', 0, 4, 'doc2vec', 1, 0.09204699487103296, 0.02301174871775824]","['buy', 2, 4, 'doc2vec', 2, 0.07863220772228761, 0.019658051930571904]"
127.0.0.1,"The domestic cat is a small, typically furry, carnivorous mammal. They are often called house cats when kept as indoor pets or simply cats when there is no need to distinguish them from other felines. They are often valued by humans for companionship and for their ability to hunt vermin. There are more than seventy cat breeds recognized by various cat registries.",You look nice!,"['year', 0, 4, 'doc2vec', 1, 0.1697632917379894, 0.04244082293449735]","['week', 1, 4, 'doc2vec', 1, 0.1388184285544559, 0.03470460713861397]","['day', 0, 4, 'doc2vec', 1, 0.09204374855216987, 0.02301093713804247]"
127.0.0.1,"The domestic cat is a small, typically furry, carnivorous mammal. They are often called house cats when kept as indoor pets or simply cats when there is no need to distinguish them from other felines. They are often valued by humans for companionship and for their ability to hunt vermin. There are more than seventy cat breeds recognized by various cat registries.",You look nice!,"['bee', 0, 4, 'doc2vec', 4, 0.1647176200083977, 0.04117940500209943]","['egg', 0, 4, 'doc2vec', 5, 0.05268876693818888, 0.01317219173454722]","['coop', 0, 4, 'doc2vec', 5, 0.04750112555775372, 0.01187528138943843]","['site', 2, 4, 'doc2vec', 2, 0.04336945649139114, 0.010842364122847784]","['cock', 1, 4, 'doc2vec', 5, 0.04201539222882767, 0.010503848057206918]"
127.0.0.1,"The domestic cat is a small, typically furry, carnivorous mammal. They are often called house cats when kept as indoor pets or simply cats when there is no need to distinguish them from other felines. They are often valued by humans for companionship and for their ability to hunt vermin. There are more than seventy cat breeds recognized by various cat registries.",You look nice!,"['bee', 0, 4, 'doc2vec', 2, 0.16603818016739497, 0.04150954504184874]","['site', 2, 4, 'doc2vec', 3, 0.04325381701770067, 0.010813454254425167]","['die', 2, 4, 'doc2vec', 2, 0.028866644796337583, 0.007216661199084396]","['die', 0, 4, 'doc2vec', 2, 0.028866644796337583, 0.007216661199084396]","['dies', 2, 4, 'doc2vec', 2, 0.02587155573718083, 0.006467888934295208]"
127.0.0.1,"The domestic cat is a small, typically furry, carnivorous mammal. They are often called house cats when kept as indoor pets or simply cats when there is no need to distinguish them from other felines. They are often valued by humans for companionship and for their ability to hunt vermin. There are more than seventy cat breeds recognized by various cat registries.",You look nice!
127.0.0.1,"The domestic cat is a small, typically furry, carnivorous mammal. They are often called house cats when kept as indoor pets or simply cats when there is no need to distinguish them from other felines. They are often valued by humans for companionship and for their ability to hunt vermin. There are more than seventy cat breeds recognized by various cat registries.",You look nice!
127.0.0.1,"The domestic cat is a small, typically furry, carnivorous mammal. They are often called house cats when kept as indoor pets or simply cats when there is no need to distinguish them from other felines. They are often valued by humans for companionship and for their ability to hunt vermin. There are more than seventy cat breeds recognized by various cat registries.",You look nice!
127.0.0.1,"The domestic cat is a small, typically furry, carnivorous mammal. They are often called house cats when kept as indoor pets or simply cats when there is no need to distinguish them from other felines. They are often valued by humans for companionship and for their ability to hunt vermin. There are more than seventy cat breeds recognized by various cat registries.",You look nice!
127.0.0.1,"The domestic cat is a small, typically furry, carnivorous mammal. They are often called house cats when kept as indoor pets or simply cats when there is no need to distinguish them from other felines. They are often valued by humans for companionship and for their ability to hunt vermin. There are more than seventy cat breeds recognized by various cat registries.",You look nice!,"['mice', 2, 2, 'doc2vec', 1, 0.02278749485649317, 0.011393747428246585]","['known', 2, 4, 'doc2vec', 1, 0.007012861378686222, 0.0017532153446715554]","['used', 0, 4, 'doc2vec', 1, 0.006339602264474636, 0.001584900566118659]"
127.0.0.1,"The domestic cat is a small, typically furry, carnivorous mammal. They are often called house cats when kept as indoor pets or simply cats when there is no need to distinguish them from other felines. They are often valued by humans for companionship and for their ability to hunt vermin. There are more than seventy cat breeds recognized by various cat registries.",You look nice!,"['bee', 0, 4, 'doc2vec', 2, 0.16790504001693993, 0.04197626000423498]","['mice', 2, 2, 'doc2vec', 1, 0.023307968632314477, 0.011653984316157238]","['die', 2, 4, 'doc2vec', 2, 0.029191208581046787, 0.007297802145261697]","['die', 0, 4, 'doc2vec', 2, 0.029191208581046787, 0.007297802145261697]","['dies', 2, 4, 'doc2vec', 2, 0.0261624440654094, 0.00654061101635235]"
127.0.0.1,1
127.0.0.1,"The domestic cat is a small, typically furry, carnivorous mammal. They are often called house cats when kept as indoor pets or simply cats when there is no need to distinguish them from other felines. They are often valued by humans for companionship and for their ability to hunt vermin. There are more than seventy cat breeds recognized by various cat registries.",You look nice!,"['bee', 0, 4, 'doc2vec', 2, 0.16487468044962977, 0.04121867011240744]","['mice', 2, 2, 'doc2vec', 1, 0.023281399192344936, 0.011640699596172468]","['site', 2, 4, 'doc2vec', 3, 0.04326320790473633, 0.010815801976184083]","['die', 2, 4, 'doc2vec', 2, 0.02866436401345074, 0.007166091003362685]","['die', 0, 4, 'doc2vec', 2, 0.02866436401345074, 0.007166091003362685]"
127.0.0.1,"The domestic cat is a small, typically furry, carnivorous mammal. They are often called house cats when kept as indoor pets or simply cats when there is no need to distinguish them from other felines. They are often valued by humans for companionship and for their ability to hunt vermin. There are more than seventy cat breeds recognized by various cat registries.",You look nice!,"['bee', 0, 4, 'doc2vec', 3, 0.16803804472973033, 0.04200951118243258]","['mice', 2, 2, 'doc2vec', 1, 0.023021495888473267, 0.011510747944236633]","['site', 2, 4, 'doc2vec', 2, 0.04418387020596381, 0.011045967551490952]","['die', 2, 4, 'doc2vec', 3, 0.029214332177056383, 0.007303583044264096]","['die', 0, 4, 'doc2vec', 3, 0.029214332177056383, 0.007303583044264096]"
127.0.0.1,"The domestic cat is a small, typically furry, carnivorous mammal. They are often called house cats when kept as indoor pets or simply cats when there is no need to distinguish them from other felines. They are often valued by humans for companionship and for their ability to hunt vermin. There are more than seventy cat breeds recognized by various cat registries.",You look nice!,"['bee', 0, 4, 'doc2vec', 2, 0.16789792838926176, 0.04197448209731544]","['mice', 2, 2, 'doc2vec', 1, 0.02330791479742634, 0.01165395739871317]","['die', 2, 4, 'doc2vec', 2, 0.029189972185719507, 0.007297493046429877]","['die', 0, 4, 'doc2vec', 2, 0.029189972185719507, 0.007297493046429877]","['dies', 2, 4, 'doc2vec', 2, 0.026161335953578304, 0.006540333988394576]"
127.0.0.1,"The domestic cat is a small, typically furry, carnivorous mammal. They are often called house cats when kept as indoor pets or simply cats when there is no need to distinguish them from other felines. They are often valued by humans for companionship and for their ability to hunt vermin. There are more than seventy cat breeds recognized by various cat registries.",You look nice!,"['bee', 0, 4, 'doc2vec', 2, 0.1648726362165725, 0.041218159054143125]","['mice', 2, 2, 'doc2vec', 1, 0.023281466485955107, 0.011640733242977553]","['site', 2, 4, 'doc2vec', 3, 0.043263347785098785, 0.010815836946274696]","['die', 2, 4, 'doc2vec', 2, 0.028664008612364764, 0.007166002153091191]","['die', 0, 4, 'doc2vec', 2, 0.028664008612364764, 0.007166002153091191]"
127.0.0.1,None
127.0.0.1,"The domestic cat (Felis silvestris catus or Felis catus)[1][4] is a small, typically furry, carnivorous mammal. They are often called house cats[5] when kept as indoor pets or simply cats when there is no need to distinguish them from other felids and felines. They are often valued by humans for companionship and for their ability to hunt vermin. There are more than seventy cat breeds recognized by various cat registries.",Let us keep this between the two of us.,"['cats', 8, 4, 'doc2vec', 1, 0.2958305447366074, 0.07395763618415185]","['cats', 6, 4, 'doc2vec', 1, 0.2958305447366074, 0.07395763618415185]","['cats', 1, 4, 'doc2vec', 1, 0.2958305447366074, 0.07395763618415185]","['keeper', 2, 2, 'doc2vec', 2, 0.04793051474718956, 0.02396525737359478]","['cat', 6, 4, 'doc2vec', 1, 0.09372393368651238, 0.023430983421628096]"
127.0.0.1,"The domestic cat (Felis silvestris catus or Felis catus)[1][4] is a small, typically furry, carnivorous mammal. They are often called house cats[5] when kept as indoor pets or simply cats when there is no need to distinguish them from other felids and felines. They are often valued by humans for companionship and for their ability to hunt vermin. There are more than seventy cat breeds recognized by various cat registries.",Let us keep this between the two of us.,"['cats', 8, 4, 'doc2vec', 1, 0.29895086094096734, 0.07473771523524184]","['cats', 6, 4, 'doc2vec', 1, 0.29895086094096734, 0.07473771523524184]","['cats', 1, 4, 'doc2vec', 1, 0.29895086094096734, 0.07473771523524184]","['keeper', 2, 2, 'doc2vec', 2, 0.049534572174068814, 0.024767286087034407]","['cat', 6, 4, 'doc2vec', 1, 0.09471250066927192, 0.02367812516731798]"
127.0.0.1,"The domestic cat is a small, typically furry, carnivorous mammal. They are often called house cats when kept as indoor pets or simply cats when there is no need to distinguish them from other felines. They are often valued by humans for companionship and for their ability to hunt vermin. There are more than seventy cat breeds recognized by various cat registries.",You look nice!,"['bee', 0, 4, 'doc2vec', 2, 0.16665326398151797, 0.041663315995379493]","['mice', 2, 2, 'doc2vec', 1, 0.022994499614747792, 0.011497249807373896]","['site', 2, 4, 'doc2vec', 3, 0.04374759091659039, 0.010936897729147597]","['die', 2, 4, 'doc2vec', 2, 0.02897358047802456, 0.00724339511950614]","['die', 0, 4, 'doc2vec', 2, 0.02897358047802456, 0.00724339511950614]"
127.0.0.1,"The domestic cat is a small, typically furry, carnivorous mammal. They are often called house cats when kept as indoor pets or simply cats when there is no need to distinguish them from other felines. They are often valued by humans for companionship and for their ability to hunt vermin. There are more than seventy cat breeds recognized by various cat registries.",You look nice!,"['bee', 0, 4, 'doc2vec', 2, 0.16654572580589894, 0.041636431451474734]","['mice', 2, 2, 'doc2vec', 1, 0.02249031281526211, 0.011245156407631055]","['die', 2, 4, 'doc2vec', 2, 0.02895488437864241, 0.007238721094660602]","['die', 0, 4, 'doc2vec', 2, 0.02895488437864241, 0.007238721094660602]","['dies', 2, 4, 'doc2vec', 2, 0.02595063992891601, 0.006487659982229003]"
127.0.0.1,"The domestic cat is a small, typically furry, carnivorous mammal. They are often called house cats when kept as indoor pets or simply cats when there is no need to distinguish them from other felines. They are often valued by humans for companionship and for their ability to hunt vermin. There are more than seventy cat breeds recognized by various cat registries.",You look nice!,"['bee', 0, 4, 'doc2vec', 2, 0.16789895050579043, 0.04197473762644761]","['mice', 2, 2, 'doc2vec', 1, 0.023304434756443282, 0.011652217378221641]","['die', 2, 4, 'doc2vec', 2, 0.029190149886262496, 0.007297537471565624]","['die', 0, 4, 'doc2vec', 2, 0.029190149886262496, 0.007297537471565624]","['dies', 2, 4, 'doc2vec', 2, 0.026161495216614757, 0.006540373804153689]"
127.0.0.1,"The domestic cat is a small, typically furry, carnivorous mammal. They are often called house cats when kept as indoor pets or simply cats when there is no need to distinguish them from other felines. They are often valued by humans for companionship and for their ability to hunt vermin. There are more than seventy cat breeds recognized by various cat registries.",You look nice!,"['bee', 0, 4, 'doc2vec', 2, 0.16786638673694834, 0.041966596684237086]","['mice', 2, 2, 'doc2vec', 1, 0.02329800148731107, 0.011649000743655534]","['die', 2, 4, 'doc2vec', 2, 0.02918448849713232, 0.00729612212428308]","['die', 0, 4, 'doc2vec', 2, 0.02918448849713232, 0.00729612212428308]","['dies', 2, 4, 'doc2vec', 2, 0.026156421230861836, 0.006539105307715459]"
127.0.0.1,"The domestic cat is a small, typically furry, carnivorous mammal. They are often called house cats when kept as indoor pets or simply cats when there is no need to distinguish them from other felines. They are often valued by humans for companionship and for their ability to hunt vermin. There are more than seventy cat breeds recognized by various cat registries.",You look nice!,"['bee', 0, 4, 'doc2vec', 2, 0.167896546372547, 0.04197413659313675]","['mice', 2, 2, 'doc2vec', 1, 0.02330505001230769, 0.011652525006153845]","['die', 2, 4, 'doc2vec', 2, 0.02918973191456279, 0.0072974329786406975]","['die', 0, 4, 'doc2vec', 2, 0.02918973191456279, 0.0072974329786406975]","['dies', 2, 4, 'doc2vec', 2, 0.02616112061200789, 0.006540280153001972]"
127.0.0.1,"The domestic cat is a small, typically furry, carnivorous mammal. They are often called house cats when kept as indoor pets or simply cats when there is no need to distinguish them from other felines. They are often valued by humans for companionship and for their ability to hunt vermin. There are more than seventy cat breeds recognized by various cat registries.",You look nice!,"['bee', 0, 4, 'doc2vec', 2, 0.16789912325787976, 0.04197478081446994]","['mice', 2, 2, 'doc2vec', 1, 0.023305128841965318, 0.011652564420982659]","['die', 2, 4, 'doc2vec', 2, 0.029190179920157086, 0.0072975449800392715]","['die', 0, 4, 'doc2vec', 2, 0.029190179920157086, 0.0072975449800392715]","['dies', 2, 4, 'doc2vec', 2, 0.02616152213431106, 0.006540380533577765]"
127.0.0.1,"The domestic cat is a small, typically furry, carnivorous mammal. They are often called house cats when kept as indoor pets or simply cats when there is no need to distinguish them from other felines. They are often valued by humans for companionship and for their ability to hunt vermin. There are more than seventy cat breeds recognized by various cat registries.",You look nice!,"['bee', 0, 4, 'doc2vec', 2, 0.16790005899836374, 0.041975014749590936]","['mice', 2, 2, 'doc2vec', 1, 0.023307941714870408, 0.011653970857435204]","['die', 2, 4, 'doc2vec', 2, 0.02919034260375278, 0.007297585650938195]","['die', 0, 4, 'doc2vec', 2, 0.02919034260375278, 0.007297585650938195]","['dies', 2, 4, 'doc2vec', 2, 0.02616166793849936, 0.00654041698462484]"
127.0.0.1,"The domestic cat is a small, typically furry, carnivorous mammal. They are often called house cats when kept as indoor pets or simply cats when there is no need to distinguish them from other felines. They are often valued by humans for companionship and for their ability to hunt vermin. There are more than seventy cat breeds recognized by various cat registries.",You look nice!,"['bee', 0, 4, 'doc2vec', 2, 0.1679061341135058, 0.04197653352837645]","['mice', 2, 2, 'doc2vec', 1, 0.023307088047358544, 0.011653544023679272]","['die', 2, 4, 'doc2vec', 2, 0.029191398795712524, 0.007297849698928131]","['die', 0, 4, 'doc2vec', 2, 0.029191398795712524, 0.007297849698928131]","['dies', 2, 4, 'doc2vec', 2, 0.026162614544152647, 0.006540653636038162]"
127.0.0.1,"The domestic cat is a small, typically furry, carnivorous mammal. They are often called house cats when kept as indoor pets or simply cats when there is no need to distinguish them from other felines. They are often valued by humans for companionship and for their ability to hunt vermin. There are more than seventy cat breeds recognized by various cat registries.",You look nice!,"['bee', 0, 4, 'doc2vec', 2, 0.16790541431313352, 0.04197635357828338]","['die', 2, 4, 'doc2vec', 2, 0.029191273654485064, 0.007297818413621266]","['die', 0, 4, 'doc2vec', 2, 0.029191273654485064, 0.007297818413621266]","['dies', 2, 4, 'doc2vec', 2, 0.026162502387084723, 0.006540625596771181]"
127.0.0.1,"The domestic cat is a small, typically furry, carnivorous mammal. They are often called house cats when kept as indoor pets or simply cats when there is no need to distinguish them from other felines. They are often valued by humans for companionship and for their ability to hunt vermin. There are more than seventy cat breeds recognized by various cat registries.",You look nice!,"['bee', 0, 4, 'doc2vec', 2, 0.16790128265899662, 0.041975320664749155]","['mice', 2, 2, 'doc2vec', 1, 0.023307737911365322, 0.011653868955682661]","['die', 2, 4, 'doc2vec', 2, 0.02919055534383946, 0.007297638835959865]","['die', 0, 4, 'doc2vec', 2, 0.02919055534383946, 0.007297638835959865]","['dies', 2, 4, 'doc2vec', 2, 0.026161858605514832, 0.006540464651378708]"
127.0.0.1,1
127.0.0.1,"The domestic cat is a small, typically furry, carnivorous mammal. They are often called house cats when kept as indoor pets or simply cats when there is no need to distinguish them from other felines. They are often valued by humans for companionship and for their ability to hunt vermin. There are more than seventy cat breeds recognized by various cat registries.",You look nice!,"['bee', 0, 4, 'doc2vec', 2, 0.1678942142193408, 0.0419735535548352]","['mice', 2, 2, 'doc2vec', 1, 0.023304959646602605, 0.011652479823301302]","['die', 2, 4, 'doc2vec', 2, 0.029189326456985826, 0.007297331614246456]","['die', 0, 4, 'doc2vec', 2, 0.029189326456985826, 0.007297331614246456]","['dies', 2, 4, 'doc2vec', 2, 0.02616075722310781, 0.0065401893057769524]"
127.0.0.1,"The domestic cat is a small, typically furry, carnivorous mammal. They are often called house cats when kept as indoor pets or simply cats when there is no need to distinguish them from other felines. They are often valued by humans for companionship and for their ability to hunt vermin. There are more than seventy cat breeds recognized by various cat registries.",You look nice!,"['size', 2, 4, 'doc2vec', 1, 0.07402700806268007, 0.01850675201567002]","['none', 2, 4, 'doc2vec', 1, 0.07152700155170277, 0.017881750387925693]","['mice', 2, 2, 'doc2vec', 2, 0.02276370175861177, 0.011381850879305886]","['height', 2, 4, 'doc2vec', 1, 0.04385883832333687, 0.010964709580834217]","['line', 2, 4, 'doc2vec', 1, 0.03731785545318354, 0.009329463863295886]"
127.0.0.1,"The domestic cat is a small, typically furry, carnivorous mammal. They are often called house cats when kept as indoor pets or simply cats when there is no need to distinguish them from other felines. They are often valued by humans for companionship and for their ability to hunt vermin. There are more than seventy cat breeds recognized by various cat registries.",You look nice!,"['size', 2, 4, 'doc2vec', 1, 0.07451121527524902, 0.018627803818812256]","['none', 2, 4, 'doc2vec', 1, 0.07199485633809964, 0.01799871408452491]","['mice', 2, 2, 'doc2vec', 2, 0.022677852416106526, 0.011338926208053263]","['height', 2, 4, 'doc2vec', 1, 0.04414571694246293, 0.011036429235615732]","['line', 2, 4, 'doc2vec', 1, 0.037561949807945756, 0.009390487451986439]"
127.0.0.1,"The domestic cat is a small, typically furry, carnivorous mammal. They are often called house cats when kept as indoor pets or simply cats when there is no need to distinguish them from other felines. They are often valued by humans for companionship and for their ability to hunt vermin. There are more than seventy cat breeds recognized by various cat registries.",You look nice!,"['size', 2, 4, 'doc2vec', 1, 0.07444618714150054, 0.018611546785375136]","['none', 2, 4, 'doc2vec', 1, 0.07193202430496394, 0.017983006076240985]","['mice', 2, 2, 'doc2vec', 2, 0.022783303425916893, 0.011391651712958447]","['height', 2, 4, 'doc2vec', 1, 0.044107189674116115, 0.011026797418529029]","['line', 2, 4, 'doc2vec', 1, 0.03752916838723021, 0.009382292096807552]"
127.0.0.1,"The domestic cat is a small, typically furry, carnivorous mammal. They are often called house cats when kept as indoor pets or simply cats when there is no need to distinguish them from other felines. They are often valued by humans for companionship and for their ability to hunt vermin. There are more than seventy cat breeds recognized by various cat registries.",You look nice!,"['size', 2, 4, 'doc2vec', 2, 0.07483331131333346, 0.018708327828333364]","['none', 2, 4, 'doc2vec', 2, 0.07230607469500468, 0.01807651867375117]","['mice', 2, 2, 'doc2vec', 1, 0.024122728901454973, 0.012061364450727486]","['height', 2, 4, 'doc2vec', 2, 0.04433654942953266, 0.011084137357383166]","['line', 2, 4, 'doc2vec', 2, 0.03772432207863243, 0.009431080519658108]"
127.0.0.1,"The domestic cat is a small, typically furry, carnivorous mammal. They are often called house cats when kept as indoor pets or simply cats when there is no need to distinguish them from other felines. They are often valued by humans for companionship and for their ability to hunt vermin. There are more than seventy cat breeds recognized by various cat registries.",You look nice!,"['size', 2, 4, 'doc2vec', 2, 0.07079361030396587, 0.01769840257599147]","['none', 2, 4, 'doc2vec', 2, 0.06840280063426198, 0.017100700158565494]","['mice', 2, 2, 'doc2vec', 1, 0.023087101390364913, 0.011543550695182456]","['height', 2, 4, 'doc2vec', 2, 0.041943144669820444, 0.010485786167455111]","['line', 2, 4, 'doc2vec', 2, 0.035687862922887365, 0.008921965730721841]"
127.0.0.1,None
